id,arch_seq,objective,elapsed_sec
b674d070-ea77-11eb-a7d5-b9f3ebebee75,"[0.4589367737990955, 0.10551911128186586, 0.04647903736214054, 0.9941550795057409, 0.025199216927247248, 0.1326737410266292, 0.0680036267909192, 0.5836252524299164, 0.025090511302493623]",-3.4028235e+38,1352.1244764328003
b674d0cf-ea77-11eb-a7d5-b9f3ebebee75,"[0.8269555276619195, 0.31876644485617556, 0.3281594274818779, 0.9213282333013969, 0.3966658950125761, 0.8762218866219308, 0.6699146891168248, 0.20267646636203218, 0.31119117987419065]",-3.4028235e+38,1353.4425830841064
