activation,batch_size,dropout1,dropout2,dropout3,dropout4,embed_hidden_size,epochs,loss,omp_num_threads,optimizer,patience,proportion,units,id,objective,elapsed_sec
relu,128,0.1,0.05,0.1,0.05,21,20,binary_crossentropy,64,AdamW,12,0.9,10,03649c0e-e0c0-11eb-bb25-37e894ce64bd,0.48067449791587724,329.4502022266388
relu,128,0.1,0.1,0.1,0.05,21,15,binary_crossentropy,64,Adam,12,0.9,10,03649d0c-e0c0-11eb-bb25-37e894ce64bd,0.5627131489200454,325.13029193878174
relu,128,0.05,0.05,0.1,0.05,21,15,binary_crossentropy,64,Adam,12,0.9,10,03649d3a-e0c0-11eb-bb25-37e894ce64bd,0.5738916256157636,334.72857093811035
relu,128,0.05,0.05,0.05,0.05,21,15,binary_crossentropy,64,AdamW,12,0.9,10,03649d60-e0c0-11eb-bb25-37e894ce64bd,0.48067449791587724,293.72441482543945
relu,128,0.1,0.05,0.2,0.05,21,20,binary_crossentropy,64,Adam,12,0.9,10,03649da2-e0c0-11eb-bb25-37e894ce64bd,0.5492610837438424,319.4429705142975
relu,128,0.1,0.1,0.05,0.05,21,20,binary_crossentropy,64,Adam,12,0.9,10,03649dac-e0c0-11eb-bb25-37e894ce64bd,0.48067449791587724,271.78039169311523
