activation,batch_size,dropout1,dropout2,dropout3,dropout4,embed_hidden_size,epochs,loss,optimizer,patience,proportion,units,id,objective,elapsed_sec
relu,64,0.05,0.05,0.1,0.05,21,150,binary_crossentropy,AdamW,12,0.5,10,ddc7eb3c-4d3a-11ec-9117-3feba70c7c55,0.5334612131118774,79.54336881637573
relu,128,0.05,0.05,0.05,0.05,21,75,binary_crossentropy,Adam,12,0.5,10,ddc7eb40-4d3a-11ec-9117-3feba70c7c55,0.7979539632797241,58.26880359649658
relu,64,0.05,0.1,0.05,0.05,21,150,binary_crossentropy,Adam,12,0.5,10,ddc7eb42-4d3a-11ec-9117-3feba70c7c55,0.7014066576957703,79.29118847846985
relu,64,0.05,0.1,0.1,0.05,21,150,binary_crossentropy,Adam,12,0.5,10,ddc7eb44-4d3a-11ec-9117-3feba70c7c55,0.5334612131118774,79.29301166534424
relu,64,0.1,0.05,0.05,0.05,21,150,binary_crossentropy,Adam,12,0.5,10,ddc7eb46-4d3a-11ec-9117-3feba70c7c55,0.5334612131118774,79.01701068878174

