activation,batch_size,dropout1,dropout2,dropout3,dropout4,embed_hidden_size,epochs,loss,optimizer,patience,proportion,units,id,objective,elapsed_sec
relu,64,0.05,0.05,0.1,0.05,21,75,binary_crossentropy,Adam,12,0.5,10,24752a5a-e262-11eb-b3dc-e77839edcbe4,-3.4028235e+38,1443.469454050064
relu,64,0.05,0.05,0.05,0.05,21,75,binary_crossentropy,Adam,12,0.5,10,24752a88-e262-11eb-b3dc-e77839edcbe4,-3.4028235e+38,1435.3440885543823
relu,64,0.05,0.1,0.1,0.05,21,75,binary_crossentropy,AdamW,12,0.5,10,24752aee-e262-11eb-b3dc-e77839edcbe4,-3.4028235e+38,1439.123571395874
relu,32,0.05,0.05,0.1,0.05,21,150,binary_crossentropy,Adam,12,0.5,10,24752b56-e262-11eb-b3dc-e77839edcbe4,-3.4028235e+38,1437.9994201660156
relu,64,0.05,0.05,0.1,0.05,21,150,binary_crossentropy,AdamW,12,0.5,10,24752bca-e262-11eb-b3dc-e77839edcbe4,-3.4028235e+38,1407.4606838226318
