activation,batch_size,dropout1,dropout2,dropout3,dropout4,embed_hidden_size,epochs,loss,optimizer,patience,proportion,units,id,objective,elapsed_sec
relu,128,0.05,0.05,0.05,0.05,21,150,binary_crossentropy,Adam,12,0.5,10,47cabff4-e26f-11eb-b3dc-e77839edcbe4,0.48669849931787174,270.37334513664246
relu,128,0.05,0.05,0.1,0.05,21,75,binary_crossentropy,Adam,12,0.5,10,47cac022-e26f-11eb-b3dc-e77839edcbe4,0.48669849931787174,230.03101134300232
relu,128,0.1,0.05,0.1,0.05,21,75,binary_crossentropy,Adam,12,0.5,10,47cac0ca-e26f-11eb-b3dc-e77839edcbe4,0.536493860845839,200.680579662323
relu,64,0.1,0.05,0.1,0.05,21,75,binary_crossentropy,Adam,12,0.5,10,47cac0e0-e26f-11eb-b3dc-e77839edcbe4,0.5133015006821282,241.9749240875244
relu,128,0.05,0.1,0.05,0.05,21,75,binary_crossentropy,Adam,12,0.5,10,47cac1aa-e26f-11eb-b3dc-e77839edcbe4,0.5521828103683493,250.96042394638062
